"rules","support","confidence","lift"
"1","{} => {WINNER=0}",0.412100259291271,0.412100259291271,1
"2","{} => {PARTY=D}",0.447744165946413,0.447744165946413,1
"3","{} => {INCUMBENT=0}",0.474399308556612,0.474399308556612,1
"4","{} => {PARTY=R}",0.525012964563526,0.525012964563526,1
"5","{} => {INCUMBENT=1}",0.525600691443388,0.525600691443388,1
"6","{} => {WINNER=1}",0.58789974070873,0.58789974070873,1
"7","{INCUMBENT=1} => {WINNER=1}",0.505272255834054,0.961323423008617,1.63518259397379
"8","{WINNER=1} => {INCUMBENT=1}",0.505272255834054,0.859453102028815,1.63518259397379
