"items","support"
"1","{INCUMBENT=1,WINNER=1}",0.508231667322576
"2","{WINNER=1}",0.591204250295159
"3","{INCUMBENT=1}",0.532401941492851
"4","{PARTY=R}",0.520562770562771
"5","{INCUMBENT=0}",0.467598058507149
"6","{PARTY=D}",0.444149285058376
"7","{CANDTOTALLEVEL=Very Low}",0.433064410337138
"8","{VOTESLEVEL=Mid-Low}",0.426931654204381
"9","{WINNER=0}",0.408795749704841
