"items","support"
"1","{WINNER=1,VOTEPERCENTLEVEL=Mid-High}",0.430541298843496
"2","{INCUMBENT=1,WINNER=1}",0.509512078286457
"3","{WINNER=1}",0.597071101074386
"4","{PARTY=R}",0.540409224662971
"5","{INCUMBENT=1}",0.534387189488811
"6","{INCUMBENT=0}",0.465612810511189
"7","{PARTY=D}",0.452987066310819
"8","{VOTEPERCENTLEVEL=Mid-High}",0.430541298843496
"9","{CANDTOTALLEVEL=Very Low}",0.416410045849586
"10","{WINNER=0}",0.402928898925614
